version,size_test,size_training,error_NB,recall_NB,precision_NB,fscore_NB,gscore_NB,mcc_NB,auc_NB,aucec_NB,tpr_NB,tnr_NB,fpr_NB,fnr_NB,tp_NB,fn_NB,tn_NB,fp_NB,error_RF,recall_RF,precision_RF,fscore_RF,gscore_RF,mcc_RF,auc_RF,aucec_RF,tpr_RF,tnr_RF,fpr_RF,fnr_RF,tp_RF,fn_RF,tn_RF,fp_RF,error_DT,recall_DT,precision_DT,fscore_DT,gscore_DT,mcc_DT,auc_DT,aucec_DT,tpr_DT,tnr_DT,fpr_DT,fnr_DT,tp_DT,fn_DT,tn_DT,fp_DT,error_LR,recall_LR,precision_LR,fscore_LR,gscore_LR,mcc_LR,auc_LR,aucec_LR,tpr_LR,tnr_LR,fpr_LR,fnr_LR,tp_LR,fn_LR,tn_LR,fp_LR,error_NET,recall_NET,precision_NET,fscore_NET,gscore_NET,mcc_NET,auc_NET,aucec_NET,tpr_NET,tnr_NET,fpr_NET,fnr_NET,tp_NET,fn_NET,tn_NET,fp_NET,error_SVM,recall_SVM,precision_SVM,fscore_SVM,gscore_SVM,mcc_SVM,auc_SVM,aucec_SVM,tpr_SVM,tnr_SVM,fpr_SVM,fnr_SVM,tp_SVM,fn_SVM,tn_SVM,fp_SVM
ant-1.3.csv,125,1087,0.376,0.9,0.2857142857142857,0.4337349397590361,0.6990291262135921,0.3456681996931899,0.8228571428571428,0.5365699355420566,0.9,0.5714285714285714,0.42857142857142855,0.1,18.0,2.0,60.0,45.0,0.192,0.4,0.4,0.4000000000000001,0.5511111111111112,0.2857142857142857,0.7833333333333333,0.5668160959176634,0.4,0.8857142857142857,0.11428571428571428,0.6,8.0,12.0,93.0,12.0,0.312,0.6,0.27906976744186046,0.380952380952381,0.6481751824817519,0.23519558909508526,0.6461904761904762,0.5270710098411098,0.6,0.7047619047619048,0.29523809523809524,0.4,12.0,8.0,74.0,31.0,0.4,0.9,0.2727272727272727,0.41860465116279066,0.6772277227722773,0.325218563802392,0.7395238095238095,0.5547640520968725,0.9,0.5428571428571428,0.45714285714285713,0.1,18.0,2.0,57.0,48.0,0.208,0.6,0.4,0.48,0.6960000000000001,0.3678836036909795,0.82,0.5329730231571128,0.6,0.8285714285714286,0.17142857142857143,0.4,12.0,8.0,87.0,18.0,0.16,0.0,0.0,0.0,0.0,0.0,0.5,0.5156211040080639,0.0,1.0,0.0,1.0,0.0,20.0,105.0,0.0
ant-1.4.csv,178,1427,0.42696629213483145,0.575,0.2804878048780488,0.3770491803278689,0.5737290811493526,0.12348446466669985,0.5727355072463768,0.328804317741489,0.575,0.572463768115942,0.427536231884058,0.425,23.0,17.0,79.0,59.0,0.37640449438202245,0.125,0.13513513513513514,0.12987012987012989,0.2150101419878296,-0.10994413187599238,0.48297101449275365,0.30718700987175934,0.125,0.7681159420289855,0.2318840579710145,0.875,5.0,35.0,106.0,32.0,0.4044943820224719,0.25,0.19230769230769232,0.2173913043478261,0.367816091954023,-0.04988440212541488,0.4259963768115942,0.4084071408801552,0.25,0.6956521739130435,0.30434782608695654,0.75,10.0,30.0,96.0,42.0,0.398876404494382,0.575,0.2987012987012987,0.39316239316239315,0.591368227731864,0.1547612991100925,0.5672101449275362,0.4154963557523757,0.575,0.6086956521739131,0.391304347826087,0.425,23.0,17.0,84.0,54.0,0.3707865168539326,0.325,0.25,0.28260869565217395,0.4473409801876956,0.038909833657823606,0.5584239130434783,0.30743703293661745,0.325,0.717391304347826,0.2826086956521739,0.675,13.0,27.0,99.0,39.0,0.2247191011235955,0.0,0.0,0.0,0.0,0.0,0.5,0.7492494695082574,0.0,1.0,0.0,1.0,0.0,40.0,138.0,0.0
ant-1.5.csv,293,2204,0.36860068259385664,0.78125,0.1984126984126984,0.31645569620253167,0.6869901245169601,0.2484007940252457,0.780411877394636,0.4946052850758783,0.78125,0.6130268199233716,0.38697318007662834,0.21875,25.0,7.0,160.0,101.0,0.24232081911262798,0.25,0.14545454545454545,0.1839080459770115,0.38316920322291853,0.055853164091647985,0.6271551724137931,0.3849411094006683,0.25,0.8199233716475096,0.18007662835249041,0.75,8.0,24.0,214.0,47.0,0.2935153583617747,0.375,0.15384615384615385,0.2181818181818182,0.49935979513444295,0.08618633192916252,0.5580699233716475,0.46550354980642633,0.375,0.7471264367816092,0.25287356321839083,0.625,12.0,20.0,195.0,66.0,0.17747440273037543,0.40625,0.2826086956521739,0.33333333333333337,0.5545888296379455,0.23990321997274774,0.727610153256705,0.4437757045044631,0.40625,0.8735632183908046,0.12643678160919541,0.59375,13.0,19.0,228.0,33.0,0.1945392491467577,0.53125,0.288135593220339,0.37362637362637363,0.6505897771952818,0.28803863400050544,0.7649664750957854,0.4708117453789326,0.53125,0.8390804597701149,0.16091954022988506,0.46875,17.0,15.0,219.0,42.0,0.10921501706484642,0.0,0.0,0.0,0.0,0.0,0.5,0.5812815203280987,0.0,1.0,0.0,1.0,0.0,32.0,261.0,0.0
ant-1.6.csv,351,2611,0.2706552706552707,0.8043478260869565,0.4900662251655629,0.6090534979423868,0.7500974658869395,0.4503929295860244,0.8126154104414974,0.46386061049089744,0.8043478260869565,0.7027027027027027,0.2972972972972973,0.1956521739130435,74.0,18.0,182.0,77.0,0.25925925925925924,0.45652173913043476,0.5060240963855421,0.48,0.5919700006465378,0.30865617096138326,0.7591069330199764,0.46505443324997026,0.45652173913043476,0.8416988416988417,0.1583011583011583,0.5434782608695652,42.0,50.0,218.0,41.0,0.2962962962962963,0.5108695652173914,0.44339622641509435,0.4747474747474748,0.6149216629051778,0.27114536408890455,0.6457319120362599,0.4723254454135633,0.5108695652173914,0.7722007722007722,0.2277992277992278,0.4891304347826087,47.0,45.0,200.0,59.0,0.3333333333333333,0.8478260869565217,0.430939226519337,0.5714285714285714,0.7042889390519188,0.3961231726722971,0.7405153600805775,0.5761294764994103,0.8478260869565217,0.6023166023166023,0.39768339768339767,0.15217391304347827,78.0,14.0,156.0,103.0,0.7521367521367521,0.32608695652173914,0.12931034482758622,0.18518518518518523,0.2627939142461964,-0.42162377888261626,0.2657377874769179,0.5831678285594506,0.32608695652173914,0.22007722007722008,0.7799227799227799,0.6739130434782609,30.0,62.0,57.0,202.0,0.2535612535612536,0.03260869565217391,1.0,0.06315789473684211,0.06315789473684211,0.15578547891982378,0.5163043478260869,0.594073674931604,0.03260869565217391,1.0,0.0,0.967391304347826,3.0,89.0,259.0,0.0
ant-1.7.csv,745,4554,0.31543624161073824,0.7590361445783133,0.3925233644859813,0.5174537987679672,0.7078962384233859,0.35483469604408674,0.7996129596104625,0.453459363759476,0.7590361445783133,0.6632124352331606,0.33678756476683935,0.24096385542168675,126.0,40.0,384.0,195.0,0.2684563758389262,0.46987951807228917,0.4105263157894737,0.4382022471910112,0.5938182648104073,0.26392160065258646,0.7196454210624883,0.4371965583719185,0.46987951807228917,0.8065630397236615,0.19343696027633853,0.5301204819277109,78.0,88.0,467.0,112.0,0.25906040268456376,0.5120481927710844,0.43147208121827413,0.4683195592286502,0.6264153325390376,0.300629099622934,0.6180681274320078,0.5074440766040397,0.5120481927710844,0.8065630397236615,0.19343696027633853,0.4879518072289157,85.0,81.0,467.0,112.0,0.6268456375838927,0.12048192771084337,0.05865102639296188,0.07889546351084813,0.18967798853109838,-0.3624410175045079,0.28303889131656157,0.5672458492941438,0.12048192771084337,0.44559585492227977,0.5544041450777202,0.8795180722891566,20.0,146.0,258.0,321.0,0.4120805369127517,0.8855421686746988,0.33793103448275863,0.48918469217970056,0.6412430013716188,0.3276787234359033,0.7040493580539776,0.564019041471921,0.8855421686746988,0.5025906735751295,0.49740932642487046,0.1144578313253012,147.0,19.0,291.0,288.0,0.22281879194630871,0.0,0.0,0.0,0.0,0.0,0.5,0.5815877274536455,0.0,1.0,0.0,1.0,0.0,166.0,579.0,0.0
arc.csv,234,1492,0.34615384615384615,0.5925925925925926,0.18604651162790697,0.2831858407079646,0.6253030951362145,0.16859801544365682,0.7090713902308106,0.3393954863548381,0.5925925925925926,0.6618357487922706,0.33816425120772947,0.4074074074074074,16.0,11.0,137.0,70.0,0.1452991452991453,0.4444444444444444,0.3870967741935484,0.41379310344827586,0.5968253968253968,0.33234618937948457,0.7347468241188048,0.43026515124658155,0.4444444444444444,0.9082125603864735,0.09178743961352658,0.5555555555555556,12.0,15.0,188.0,19.0,0.2094017094017094,0.37037037037037035,0.23809523809523808,0.2898550724637681,0.5150846210448858,0.1796408053745072,0.6090534979423868,0.4540103564735047,0.37037037037037035,0.8454106280193237,0.15458937198067632,0.6296296296296297,10.0,17.0,175.0,32.0,0.44871794871794873,0.7037037037037037,0.16379310344827586,0.26573426573426573,0.6055338258728089,0.15023056900193432,0.646716765074253,0.46195614924477135,0.7037037037037037,0.5314009661835749,0.46859903381642515,0.2962962962962963,19.0,8.0,110.0,97.0,0.11538461538461539,0.0,0.0,0.0,0.0,0.0,0.6484165324745035,0.3835523034999777,0.0,1.0,0.0,1.0,0.0,27.0,207.0,0.0,0.11538461538461539,0.0,0.0,0.0,0.0,0.0,0.5,0.6904485047870916,0.0,1.0,0.0,1.0,0.0,27.0,207.0,0.0
berek.csv,43,336,0.09302325581395349,0.8125,0.9285714285714286,0.8666666666666666,0.8813559322033898,0.7999077726896654,0.9583333333333334,0.3657874381188118,0.8125,0.9629629629629629,0.037037037037037035,0.1875,13.0,3.0,26.0,1.0,0.13953488372093023,0.6875,0.9166666666666666,0.7857142857142857,0.8022440392706873,0.7009595815211631,0.9039351851851852,0.38001237623762363,0.6875,0.9629629629629629,0.037037037037037035,0.3125,11.0,5.0,26.0,1.0,0.11627906976744186,0.75,0.9230769230769231,0.8275862068965517,0.8432432432432433,0.7503718609626805,0.8530092592592593,0.5203008972772277,0.75,0.9629629629629629,0.037037037037037035,0.25,12.0,4.0,26.0,1.0,0.11627906976744186,0.75,0.9230769230769231,0.8275862068965517,0.8432432432432433,0.7503718609626805,0.9490740740740741,0.38082456683168303,0.75,0.9629629629629629,0.037037037037037035,0.25,12.0,4.0,26.0,1.0,0.09302325581395349,0.8125,0.9285714285714286,0.8666666666666666,0.8813559322033898,0.7999077726896654,0.8773148148148148,0.3748510983910891,0.8125,0.9629629629629629,0.037037037037037035,0.1875,13.0,3.0,26.0,1.0,0.37209302325581395,0.0,0.0,0.0,0.0,0.0,0.5,0.6880491955445545,0.0,1.0,0.0,1.0,0.0,16.0,27.0,0.0
camel-1.0.csv,339,2142,0.41297935103244837,0.6923076923076923,0.06206896551724138,0.11392405063291139,0.6328645447816432,0.10679064464544566,0.6576215195847098,0.39338189167672294,0.6923076923076923,0.5828220858895705,0.4171779141104294,0.3076923076923077,9.0,4.0,190.0,136.0,0.168141592920354,0.3076923076923077,0.07692307692307693,0.12307692307692308,0.4522163481089874,0.08550387876341005,0.668475696083058,0.4872015384159151,0.3076923076923077,0.852760736196319,0.147239263803681,0.6923076923076923,4.0,9.0,278.0,48.0,0.2153392330383481,0.3076923076923077,0.058823529411764705,0.09876543209876543,0.44501061571125267,0.05340998065351218,0.5733836715431807,0.5048417671708796,0.3076923076923077,0.803680981595092,0.19631901840490798,0.6923076923076923,4.0,9.0,262.0,64.0,0.3893805309734513,0.7692307692307693,0.07194244604316546,0.13157894736842105,0.676859646108916,0.14584046511939466,0.7236904200094384,0.6274770572092715,0.7692307692307693,0.6042944785276073,0.39570552147239263,0.23076923076923078,10.0,3.0,197.0,129.0,0.168141592920354,0.3076923076923077,0.07692307692307693,0.12307692307692308,0.4522163481089874,0.08550387876341005,0.6993865030674846,0.41215813930146267,0.3076923076923077,0.852760736196319,0.147239263803681,0.6923076923076923,4.0,9.0,278.0,48.0,0.038348082595870206,0.0,0.0,0.0,0.0,0.0,0.5,0.6493853407942551,0.0,1.0,0.0,1.0,0.0,13.0,326.0,0.0
camel-1.2.csv,608,3325,0.4292763157894737,0.4675925925925926,0.4089068825910931,0.43628509719222464,0.5358899145889051,0.09271445950867663,0.5818216175359032,0.28432930909854687,0.4675925925925926,0.6275510204081632,0.37244897959183676,0.5324074074074074,101.0,115.0,246.0,146.0,0.3651315789473684,0.16666666666666666,0.46153846153846156,0.2448979591836735,0.2808988764044944,0.0851874054619982,0.5731115362811792,0.3379061242775765,0.16666666666666666,0.8928571428571429,0.10714285714285714,0.8333333333333334,36.0,180.0,350.0,42.0,0.3684210526315789,0.2916666666666667,0.4701492537313433,0.36000000000000004,0.43013016845329255,0.1276334091575531,0.5845202664399093,0.4398739577712316,0.2916666666666667,0.8188775510204082,0.18112244897959184,0.7083333333333334,63.0,153.0,321.0,71.0,0.42598684210526316,0.5,0.416988416988417,0.4547368421052631,0.5514874141876429,0.11110504006613273,0.5648974867724867,0.39291284436981455,0.5,0.6147959183673469,0.3852040816326531,0.5,108.0,108.0,241.0,151.0,0.35526315789473684,0.0,0.0,0.0,0.0,0.0,0.5493669690098262,0.3889594135476617,0.0,1.0,0.0,1.0,0.0,216.0,392.0,0.0,0.35526315789473684,0.0,0.0,0.0,0.0,0.0,0.5,0.7636494541810387,0.0,1.0,0.0,1.0,0.0,216.0,392.0,0.0
camel-1.4.csv,872,4059,0.33371559633027525,0.6413793103448275,0.28012048192771083,0.38993710691823896,0.6559756018240815,0.23972722925231632,0.7107527391737419,0.37930605557743063,0.6413793103448275,0.671251719394773,0.328748280605227,0.3586206896551724,93.0,52.0,488.0,239.0,0.21788990825688073,0.3103448275862069,0.3333333333333333,0.32142857142857145,0.45834665813879116,0.19201807698456175,0.6700943888440924,0.41521854081116066,0.3103448275862069,0.8762035763411279,0.12379642365887207,0.6896551724137931,45.0,100.0,637.0,90.0,0.2408256880733945,0.30344827586206896,0.2875816993464052,0.29530201342281875,0.4472441980953634,0.15027878217480709,0.5790067827159323,0.4719943606907807,0.30344827586206896,0.8500687757909215,0.1499312242090784,0.696551724137931,44.0,101.0,618.0,109.0,0.32224770642201833,0.7103448275862069,0.30116959064327486,0.42299794661190965,0.690245191944576,0.2910078168720188,0.6965564672959256,0.5497069949935317,0.7103448275862069,0.671251719394773,0.328748280605227,0.2896551724137931,103.0,42.0,488.0,239.0,0.28325688073394495,0.5862068965517241,0.3125,0.407673860911271,0.6552696384596166,0.26440386850858155,0.7008300526490537,0.482987146312651,0.5862068965517241,0.7427785419532325,0.25722145804676755,0.41379310344827586,85.0,60.0,540.0,187.0,0.16628440366972477,0.0,0.0,0.0,0.0,0.0,0.5,0.6813578640940553,0.0,1.0,0.0,1.0,0.0,145.0,727.0,0.0
camel-1.6.csv,965,4343,0.3761658031088083,0.5319148936170213,0.26666666666666666,0.3552397868561279,0.5834631209465584,0.14462463445181195,0.6318012541416796,0.311329027389229,0.5319148936170213,0.646074646074646,0.3539253539253539,0.46808510638297873,100.0,88.0,502.0,275.0,0.25803108808290154,0.22872340425531915,0.2925170068027211,0.25671641791044775,0.36188451558445617,0.10457000806767014,0.5776924340754128,0.3424782420907916,0.22872340425531915,0.8661518661518661,0.13384813384813385,0.7712765957446809,43.0,145.0,673.0,104.0,0.2911917098445596,0.324468085106383,0.2837209302325581,0.3027295285359801,0.46198357656469385,0.12018198252718311,0.5430871601084367,0.4643243685760185,0.324468085106383,0.8018018018018018,0.1981981981981982,0.675531914893617,61.0,127.0,623.0,154.0,0.44041450777202074,0.6223404255319149,0.2484076433121019,0.35508345978755695,0.5807678090510641,0.1321175264446559,0.5847298666447602,0.45126661190138034,0.6223404255319149,0.5444015444015444,0.4555984555984556,0.3776595744680851,117.0,71.0,423.0,354.0,0.33367875647668394,0.43617021276595747,0.2751677852348993,0.3374485596707819,0.543816718090577,0.13560143515860193,0.6133622224047756,0.36144142796247797,0.43617021276595747,0.722007722007722,0.277992277992278,0.5638297872340425,82.0,106.0,561.0,216.0,0.19481865284974093,0.0,0.0,0.0,0.0,0.0,0.5,0.7312065206447256,0.0,1.0,0.0,1.0,0.0,188.0,777.0,0.0
ckjm.csv,10,98,0.3,0.6,0.75,0.6666666666666665,0.6857142857142857,0.408248290463863,0.64,0.4684819605173588,0.6,0.8,0.2,0.4,3.0,2.0,4.0,1.0,0.5,0.0,0.0,0.0,0.0,0.0,0.52,0.4641252552756978,0.0,1.0,0.0,1.0,0.0,5.0,5.0,0.0,0.5,0.0,0.0,0.0,0.0,0.0,0.5,0.6287270251872021,0.0,1.0,0.0,1.0,0.0,5.0,5.0,0.0,0.5,0.0,0.0,0.0,0.0,0.0,0.6,0.5832539142273656,0.0,1.0,0.0,1.0,0.0,5.0,5.0,0.0,0.5,0.0,0.0,0.0,0.0,0.0,0.56,0.468209666439755,0.0,1.0,0.0,1.0,0.0,5.0,5.0,0.0,0.5,0.0,0.0,0.0,0.0,0.0,0.5,0.6287270251872021,0.0,1.0,0.0,1.0,0.0,5.0,5.0,0.0
e-learning.csv,64,390,0.234375,0.8,0.2222222222222222,0.3478260869565218,0.7809110629067245,0.3358782731314214,0.864406779661017,0.6339653751030497,0.8,0.7627118644067796,0.23728813559322035,0.2,4.0,1.0,45.0,14.0,0.09375,0.4,0.4,0.4000000000000001,0.5628140703517588,0.34915254237288135,0.8067796610169492,0.6673261885133276,0.4,0.9491525423728814,0.05084745762711865,0.6,2.0,3.0,56.0,3.0,0.21875,0.0,0.0,0.0,0.0,-0.11776030079682895,0.40847457627118644,0.3570211596592472,0.0,0.847457627118644,0.15254237288135594,1.0,0.0,5.0,50.0,9.0,0.0625,0.2,1.0,0.33333333333333337,0.33333333333333337,0.4327835340000672,0.7322033898305085,0.6670513877438852,0.2,1.0,0.0,0.8,1.0,4.0,59.0,0.0,0.0625,0.2,1.0,0.33333333333333337,0.33333333333333337,0.4327835340000672,0.8949152542372881,0.6838691948337449,0.2,1.0,0.0,0.8,1.0,4.0,59.0,0.0,0.078125,0.0,0.0,0.0,0.0,0.0,0.5,0.43544929925803794,0.0,1.0,0.0,1.0,0.0,5.0,59.0,0.0
forrest-0.7.csv,29,252,0.3793103448275862,0.8,0.2857142857142857,0.4210526315789473,0.6746987951807228,0.2897727626404075,0.8666666666666667,0.7001622718052738,0.8,0.5833333333333334,0.4166666666666667,0.2,4.0,1.0,14.0,10.0,0.10344827586206896,0.6,0.75,0.6666666666666665,0.7379679144385026,0.6116235225474355,0.925,0.7978498985801217,0.6,0.9583333333333334,0.041666666666666664,0.4,3.0,2.0,23.0,1.0,0.27586206896551724,0.8,0.36363636363636365,0.5000000000000001,0.7513812154696132,0.39573696328210756,0.8125,0.6874645030425963,0.8,0.7083333333333334,0.2916666666666667,0.2,4.0,1.0,17.0,7.0,0.13793103448275862,0.2,1.0,0.33333333333333337,0.33333333333333337,0.41403933560541256,0.9,0.7867342799188641,0.2,1.0,0.0,0.8,1.0,4.0,24.0,0.0,0.1724137931034483,0.0,0.0,0.0,0.0,0.0,0.7833333333333333,0.6976064908722108,0.0,1.0,0.0,1.0,0.0,5.0,24.0,0.0,0.1724137931034483,0.0,0.0,0.0,0.0,0.0,0.5,0.5352941176470588,0.0,1.0,0.0,1.0,0.0,5.0,24.0,0.0
ivy-1.1.csv,111,939,0.35135135135135137,0.5396825396825397,0.7727272727272727,0.6355140186915886,0.6418281172379533,0.3355931507187385,0.7366071428571429,0.2522978999602182,0.5396825396825397,0.7916666666666666,0.20833333333333334,0.4603174603174603,34.0,29.0,38.0,10.0,0.45045045045045046,0.38095238095238093,0.6857142857142857,0.48979591836734687,0.5099052540913006,0.16183817553060917,0.6456679894179894,0.3084507582895387,0.38095238095238093,0.7708333333333334,0.22916666666666666,0.6190476190476191,24.0,39.0,37.0,11.0,0.4594594594594595,0.2857142857142857,0.75,0.4137931034482759,0.4307692307692308,0.19341053608317282,0.6337632275132276,0.35168570823707834,0.2857142857142857,0.875,0.125,0.7142857142857143,18.0,45.0,42.0,6.0,0.2882882882882883,0.6984126984126984,0.7719298245614035,0.7333333333333333,0.7134584201992125,0.4238120725686999,0.7337962962962963,0.5492876568283276,0.6984126984126984,0.7291666666666666,0.2708333333333333,0.30158730158730157,44.0,19.0,35.0,13.0,0.43243243243243246,0.2698412698412698,0.8947368421052632,0.4146341463414634,0.42110931610123853,0.3001148485259675,0.7584325396825397,0.2687257618372959,0.2698412698412698,0.9583333333333334,0.041666666666666664,0.7301587301587301,17.0,46.0,46.0,2.0,0.5585585585585585,0.015873015873015872,1.0,0.03125,0.03125,0.0832250378576479,0.5079365079365079,0.6558111104131907,0.015873015873015872,1.0,0.0,0.9841269841269841,1.0,62.0,48.0,0.0
ivy-1.4.csv,241,1855,0.3070539419087137,0.625,0.1282051282051282,0.21276595744680848,0.6593868122637547,0.17175673433294936,0.7413888888888889,0.4006321053874438,0.625,0.6977777777777778,0.3022222222222222,0.375,10.0,6.0,157.0,68.0,0.17012448132780084,0.4375,0.1794871794871795,0.2545454545454545,0.5794552862963758,0.19960619956433243,0.6951388888888889,0.42759673447356833,0.4375,0.8577777777777778,0.14222222222222222,0.5625,7.0,9.0,193.0,32.0,0.1825726141078838,0.25,0.1111111111111111,0.15384615384615383,0.38716148445336007,0.0752752652107212,0.4963888888888889,0.3821275258914416,0.25,0.8577777777777778,0.14222222222222222,0.75,4.0,12.0,193.0,32.0,0.34439834024896265,0.625,0.11494252873563218,0.1941747572815534,0.6409701169337375,0.14658061546706788,0.7161111111111111,0.4972927841311612,0.625,0.6577777777777778,0.3422222222222222,0.375,10.0,6.0,148.0,77.0,0.4730290456431535,0.75,0.09836065573770492,0.17391304347826086,0.6079295154185022,0.1300239056417238,0.6458333333333334,0.5025016445703874,0.75,0.5111111111111111,0.4888888888888889,0.25,12.0,4.0,115.0,110.0,0.06639004149377593,0.0,0.0,0.0,0.0,0.0,0.5,0.6415532334783929,0.0,1.0,0.0,1.0,0.0,16.0,225.0,0.0
ivy-2.0.csv,352,2556,0.26988636363636365,0.725,0.25663716814159293,0.3790849673202614,0.7278731836195508,0.30982333383708843,0.8086538461538462,0.44589348175323956,0.725,0.7307692307692307,0.2692307692307692,0.275,29.0,11.0,228.0,84.0,0.19318181818181818,0.5,0.29411764705882354,0.37037037037037035,0.6285714285714286,0.2782677188102247,0.732051282051282,0.49662665633652,0.5,0.8461538461538461,0.15384615384615385,0.5,20.0,20.0,264.0,48.0,0.2528409090909091,0.5,0.2247191011235955,0.31007751937984496,0.6090225563909775,0.20360998583896955,0.6036057692307693,0.45713891009354074,0.5,0.7788461538461539,0.22115384615384615,0.5,20.0,20.0,243.0,69.0,0.3806818181818182,0.875,0.21341463414634146,0.3431372549019608,0.7023026315789473,0.29363940953187184,0.7411858974358975,0.5477822465790886,0.875,0.5865384615384616,0.41346153846153844,0.125,35.0,5.0,183.0,129.0,0.11363636363636363,0.0,0.0,0.0,0.0,0.0,0.7353365384615385,0.4633127869749008,0.0,1.0,0.0,1.0,0.0,40.0,312.0,0.0,0.11363636363636363,0.0,0.0,0.0,0.0,0.0,0.5,0.5833189964566079,0.0,1.0,0.0,1.0,0.0,40.0,312.0,0.0
jedit-3.2.csv,272,1957,0.24632352941176472,0.7333333333333333,0.6055045871559633,0.6633165829145728,0.7482260827012477,0.47727325467669734,0.8100732600732601,0.2869057810399954,0.7333333333333333,0.7637362637362637,0.23626373626373626,0.26666666666666666,66.0,24.0,139.0,43.0,0.24632352941176472,0.6777777777777778,0.6161616161616161,0.6455026455026455,0.7301138724960518,0.4586450442734412,0.7708485958485959,0.47008440902903303,0.6777777777777778,0.7912087912087912,0.2087912087912088,0.32222222222222224,61.0,29.0,144.0,38.0,0.2977941176470588,0.4777777777777778,0.5584415584415584,0.5149700598802396,0.6019105268135817,0.30390260376734646,0.5830280830280831,0.5452745685794258,0.4777777777777778,0.8131868131868132,0.18681318681318682,0.5222222222222223,43.0,47.0,148.0,34.0,0.27941176470588236,0.8,0.5538461538461539,0.6545454545454547,0.7359050445103859,0.45339196421335476,0.7608363858363858,0.6589186402482178,0.8,0.6813186813186813,0.31868131868131866,0.2,72.0,18.0,124.0,58.0,0.28308823529411764,0.5333333333333333,0.5783132530120482,0.5549132947976878,0.6424474187380497,0.3484769318600324,0.7432539682539683,0.49415637093763726,0.5333333333333333,0.8076923076923077,0.19230769230769232,0.4666666666666667,48.0,42.0,147.0,35.0,0.2867647058823529,0.24444444444444444,0.6875,0.360655737704918,0.3884212687333196,0.276747785157057,0.5947496947496947,0.4346139090837765,0.24444444444444444,0.945054945054945,0.054945054945054944,0.7555555555555555,22.0,68.0,172.0,10.0
jedit-4.0.csv,306,2177,0.29411764705882354,0.6933333333333334,0.4369747899159664,0.5360824742268041,0.7015465613688713,0.35584415584415585,0.7831168831168831,0.3234547166380071,0.6933333333333334,0.70995670995671,0.29004329004329005,0.30666666666666664,52.0,23.0,164.0,67.0,0.3300653594771242,0.68,0.3984375,0.5024630541871921,0.6732673267326734,0.30229691855242613,0.7315728715728715,0.43079936189167317,0.68,0.6666666666666666,0.3333333333333333,0.32,51.0,24.0,154.0,77.0,0.30718954248366015,0.6,0.41284403669724773,0.4891304347826087,0.6557591623036649,0.2900795460857829,0.5908513708513708,0.4321320230474045,0.6,0.7229437229437229,0.27705627705627706,0.4,45.0,30.0,167.0,64.0,0.6405228758169934,0.24,0.11464968152866242,0.15517241379310345,0.29951166576234395,-0.3113007110359478,0.30874458874458877,0.7435061428285317,0.24,0.39826839826839827,0.6017316017316018,0.76,18.0,57.0,92.0,139.0,0.28431372549019607,0.4266666666666667,0.42105263157894735,0.423841059602649,0.5588084232152029,0.23514096124963935,0.7435786435786436,0.4702278267715443,0.4266666666666667,0.8095238095238095,0.19047619047619047,0.5733333333333334,32.0,43.0,187.0,44.0,0.19934640522875818,0.3333333333333333,0.6944444444444444,0.45045045045045046,0.4938271604938272,0.3814480901808862,0.6428571428571429,0.49455964310131684,0.3333333333333333,0.9523809523809523,0.047619047619047616,0.6666666666666666,25.0,50.0,220.0,11.0
jedit-4.1.csv,312,2205,0.2948717948717949,0.7848101265822784,0.45255474452554745,0.5740740740740741,0.7275698158051098,0.40562036473039315,0.8106155267017983,0.35473846963664984,0.7848101265822784,0.6781115879828327,0.3218884120171674,0.21518987341772153,62.0,17.0,158.0,75.0,0.2692307692307692,0.6329113924050633,0.47619047619047616,0.5434782608695653,0.6922837585563161,0.36521524001110756,0.7536263378062693,0.5064897737887601,0.6329113924050633,0.7639484978540773,0.23605150214592274,0.3670886075949367,50.0,29.0,178.0,55.0,0.2948717948717949,0.6455696202531646,0.4434782608695652,0.5257731958762887,0.6831259411904573,0.33431538531051264,0.6676536100396588,0.5568146779778486,0.6455696202531646,0.7253218884120172,0.27467811158798283,0.35443037974683544,51.0,28.0,169.0,64.0,0.6538461538461539,0.20253164556962025,0.10191082802547771,0.13559322033898305,0.2677337213532194,-0.35016249801558563,0.27894279350247186,0.7153412310514581,0.20253164556962025,0.3948497854077253,0.6051502145922747,0.7974683544303798,16.0,63.0,92.0,141.0,0.6185897435897436,0.10126582278481013,0.06153846153846154,0.07655502392344499,0.16702717953540863,-0.37251662534107094,0.2847829630032053,0.7128735352190313,0.10126582278481013,0.47639484978540775,0.5236051502145923,0.8987341772151899,8.0,71.0,111.0,122.0,0.1762820512820513,0.379746835443038,0.8333333333333334,0.5217391304347827,0.5464831681579264,0.48181884039626527,0.6769978812408323,0.5264466560877559,0.379746835443038,0.9742489270386266,0.02575107296137339,0.620253164556962,30.0,49.0,227.0,6.0
jedit-4.2.csv,367,2529,0.35149863760217986,0.9375,0.2631578947368421,0.4109589041095891,0.7354248698082052,0.36669261144749354,0.8557993730407524,0.4630236803509039,0.9375,0.6050156739811913,0.3949843260188088,0.0625,45.0,3.0,193.0,126.0,0.3079019073569482,0.8333333333333334,0.27586206896551724,0.41450777202072536,0.7433136505731157,0.3477289520961518,0.8122387669801463,0.4939361272065761,0.8333333333333334,0.670846394984326,0.329153605015674,0.16666666666666666,40.0,8.0,214.0,105.0,0.34877384196185285,0.8125,0.2468354430379747,0.3786407766990292,0.7077718796787804,0.2992491197245369,0.7184234587251829,0.5241379487119397,0.8125,0.6269592476489029,0.3730407523510972,0.1875,39.0,9.0,200.0,119.0,0.25885558583106266,0.7916666666666666,0.3089430894308943,0.4444444444444445,0.7614969598355743,0.3751462760051393,0.81478578892372,0.464215338766407,0.7916666666666666,0.7335423197492164,0.2664576802507837,0.20833333333333334,38.0,10.0,234.0,85.0,0.22343324250681199,0.8125,0.3482142857142857,0.48750000000000004,0.7912903624891748,0.42736278038275516,0.8436520376175548,0.44576751931944064,0.8125,0.7711598746081505,0.22884012539184953,0.1875,39.0,9.0,246.0,73.0,0.14713896457765668,0.5625,0.45,0.5,0.691285081240768,0.4185359525680531,0.7295258620689655,0.5725326091838868,0.5625,0.896551724137931,0.10344827586206896,0.4375,27.0,21.0,286.0,33.0
jedit-4.3.csv,492,3351,0.45121951219512196,0.6363636363636364,0.03111111111111111,0.059322033898305086,0.5881789137380192,0.05435105850651976,0.617085617085617,0.39619082360097263,0.6363636363636364,0.5467775467775468,0.45322245322245325,0.36363636363636365,7.0,4.0,263.0,218.0,0.34552845528455284,0.5454545454545454,0.03508771929824561,0.06593406593406594,0.5960389814523734,0.06284489698359773,0.5483840483840484,0.3913853278065118,0.5454545454545454,0.656964656964657,0.34303534303534305,0.45454545454545453,6.0,5.0,316.0,165.0,0.3434959349593496,0.45454545454545453,0.02976190476190476,0.055865921787709494,0.5387091309503642,0.03606246387175037,0.5195615195615195,0.38227972864245324,0.45454545454545453,0.6611226611226612,0.3388773388773389,0.5454545454545454,5.0,6.0,318.0,163.0,0.5101626016260162,0.6363636363636364,0.027559055118110236,0.05283018867924528,0.5514223194748359,0.036344536863636895,0.5465885465885466,0.3825533144084461,0.6363636363636364,0.4864864864864865,0.5135135135135135,0.36363636363636365,7.0,4.0,234.0,247.0,0.35365853658536583,0.6363636363636364,0.03954802259887006,0.07446808510638299,0.6414260459634649,0.08715875328740297,0.6368361368361368,0.45586980731745325,0.6363636363636364,0.6465696465696466,0.35343035343035345,0.36363636363636365,7.0,4.0,311.0,170.0,0.14634146341463414,0.45454545454545453,0.07042253521126761,0.12195121951219513,0.5954088952654233,0.1335093228181378,0.6586656586656586,0.5910382467510007,0.45454545454545453,0.8627858627858628,0.13721413721413722,0.5454545454545454,5.0,6.0,415.0,66.0
kalkulator.csv,27,203,0.2962962962962963,0.16666666666666666,0.25,0.2,0.2790697674418604,0.02786391062876764,0.4642857142857143,0.2934692524448864,0.16666666666666666,0.8571428571428571,0.14285714285714285,0.8333333333333334,1.0,5.0,18.0,3.0,0.37037037037037035,0.16666666666666666,0.16666666666666666,0.16666666666666666,0.27350427350427353,-0.07142857142857142,0.5515873015873016,0.4262804574838388,0.16666666666666666,0.7619047619047619,0.23809523809523808,0.8333333333333334,1.0,5.0,16.0,5.0,0.4444444444444444,0.0,0.0,0.0,0.0,-0.2857142857142857,0.19444444444444445,0.27005635670479033,0.0,0.7142857142857143,0.2857142857142857,1.0,0.0,6.0,15.0,6.0,0.18518518518518517,0.3333333333333333,0.6666666666666666,0.4444444444444444,0.4938271604938272,0.3779644730092272,0.6865079365079365,0.5984584783689707,0.3333333333333333,0.9523809523809523,0.047619047619047616,0.6666666666666666,2.0,4.0,20.0,1.0,0.2962962962962963,0.16666666666666666,0.25,0.2,0.2790697674418604,0.02786391062876764,0.45634920634920634,0.2865489806066633,0.16666666666666666,0.8571428571428571,0.14285714285714285,0.8333333333333334,1.0,5.0,18.0,3.0,0.2222222222222222,0.0,0.0,0.0,0.0,0.0,0.5,0.6655478203215647,0.0,1.0,0.0,1.0,0.0,6.0,21.0,0.0
log4j-1.0.csv,135,1051,0.22962962962962963,0.7352941176470589,0.5319148936170213,0.617283950617284,0.758011897908271,0.4715166330407381,0.8392545136866628,0.531944979021819,0.7352941176470589,0.7821782178217822,0.21782178217821782,0.2647058823529412,25.0,9.0,79.0,22.0,0.18518518518518517,0.4117647058823529,0.7368421052631579,0.5283018867924528,0.5746045318512185,0.4521832176194125,0.8299359347699475,0.5243985663317255,0.4117647058823529,0.9504950495049505,0.04950495049504951,0.5882352941176471,14.0,20.0,96.0,5.0,0.18518518518518517,0.4117647058823529,0.7368421052631579,0.5283018867924528,0.5746045318512185,0.4521832176194125,0.6959813628421666,0.5609186177603437,0.4117647058823529,0.9504950495049505,0.04950495049504951,0.5882352941176471,14.0,20.0,96.0,5.0,0.2222222222222222,0.3235294117647059,0.6111111111111112,0.42307692307692313,0.48014859530996057,0.32462720673136486,0.8255678509027373,0.5160659836815136,0.3235294117647059,0.9306930693069307,0.06930693069306931,0.6764705882352942,11.0,23.0,94.0,7.0,0.18518518518518517,0.5,0.68,0.576271186440678,0.6480836236933799,0.4702202789236882,0.8171228887594641,0.5090232111221209,0.5,0.9207920792079208,0.07920792079207921,0.5,17.0,17.0,93.0,8.0,0.2518518518518518,0.0,0.0,0.0,0.0,0.0,0.5,0.5734154444180569,0.0,1.0,0.0,1.0,0.0,34.0,101.0,0.0
log4j-1.1.csv,109,877,0.1926605504587156,0.7027027027027027,0.7222222222222222,0.7123287671232876,0.773883821411426,0.5676624169478272,0.8344594594594594,0.5364128799277758,0.7027027027027027,0.8611111111111112,0.1388888888888889,0.2972972972972973,26.0,11.0,62.0,10.0,0.23853211009174313,0.4864864864864865,0.72,0.5806451612903226,0.6322615509321805,0.43843175178401594,0.7408033033033034,0.4876725958579702,0.4864864864864865,0.9027777777777778,0.09722222222222222,0.5135135135135135,18.0,19.0,65.0,7.0,0.24770642201834864,0.4864864864864865,0.6923076923076923,0.5714285714285714,0.6288209606986901,0.4170682882676255,0.7047672672672672,0.5626496192250028,0.4864864864864865,0.8888888888888888,0.1111111111111111,0.5135135135135135,18.0,19.0,64.0,8.0,0.23853211009174313,0.7837837837837838,0.6170212765957447,0.6904761904761905,0.7665198237885462,0.5103730251066706,0.8018018018018018,0.597811323210059,0.7837837837837838,0.75,0.25,0.21621621621621623,29.0,8.0,54.0,18.0,0.1743119266055046,0.6486486486486487,0.8,0.7164179104477612,0.7597122302158275,0.5993543871346736,0.81006006006006,0.5228031221109759,0.6486486486486487,0.9166666666666666,0.08333333333333333,0.35135135135135137,24.0,13.0,66.0,6.0,0.3394495412844037,0.0,0.0,0.0,0.0,0.0,0.5,0.5778575746977792,0.0,1.0,0.0,1.0,0.0,37.0,72.0,0.0
log4j-1.2.csv,205,1645,0.6195121951219512,0.3439153439153439,0.9558823529411765,0.5058365758754864,0.48327137546468396,0.08911596359201901,0.6388888888888888,0.26722118940180817,0.3439153439153439,0.8125,0.1875,0.656084656084656,65.0,124.0,13.0,3.0,0.824390243902439,0.1111111111111111,0.9545454545454546,0.1990521327014218,0.19867549668874168,0.04212981538760259,0.4494047619047619,0.29841056488696,0.1111111111111111,0.9375,0.0625,0.8888888888888888,21.0,168.0,15.0,1.0,0.7317073170731707,0.2275132275132275,0.9148936170212766,0.3644067796610169,0.3491204330175914,-0.01434962483756264,0.4054232804232804,0.42731444941389823,0.2275132275132275,0.75,0.25,0.7724867724867724,43.0,146.0,12.0,4.0,0.47317073170731705,0.5079365079365079,0.96,0.6643598615916955,0.6056782334384858,0.13842325574998698,0.6461640211640212,0.41127213688811987,0.5079365079365079,0.75,0.25,0.49206349206349204,96.0,93.0,12.0,4.0,0.7365853658536585,0.21164021164021163,0.9523809523809523,0.3463203463203463,0.3408399269628728,0.05758269016384459,0.6279761904761905,0.274570908489895,0.21164021164021163,0.875,0.125,0.7883597883597884,40.0,149.0,14.0,2.0,0.9219512195121952,0.0,0.0,0.0,0.0,0.0,0.5,0.7843955867050344,0.0,1.0,0.0,1.0,0.0,189.0,16.0,0.0
lucene-2.0.csv,195,1526,0.3076923076923077,0.6373626373626373,0.6823529411764706,0.6590909090909092,0.6850218575044098,0.3800431200656627,0.7455092983939138,0.3780279725018438,0.6373626373626373,0.7403846153846154,0.25961538461538464,0.3626373626373626,58.0,33.0,77.0,27.0,0.38461538461538464,0.27472527472527475,0.7352941176470589,0.4000000000000001,0.4224099599822143,0.24744242152539925,0.7385355029585798,0.498835854634732,0.27472527472527475,0.9134615384615384,0.08653846153846154,0.7252747252747253,25.0,66.0,95.0,9.0,0.3384615384615385,0.3516483516483517,0.8205128205128205,0.49230769230769234,0.5107363225010284,0.35463510946071697,0.6204564666103127,0.5706877319060094,0.3516483516483517,0.9326923076923077,0.0673076923076923,0.6483516483516484,32.0,59.0,97.0,7.0,0.37435897435897436,0.26373626373626374,0.8,0.3966942148760331,0.41212545996145084,0.2849014411490949,0.7120139475908707,0.4403749069335278,0.26373626373626374,0.9423076923076923,0.057692307692307696,0.7362637362637363,24.0,67.0,98.0,6.0,0.358974358974359,0.26373626373626374,0.8888888888888888,0.4067796610169492,0.41481988534268843,0.3392857142857143,0.7323013524936602,0.408612199722169,0.26373626373626374,0.9711538461538461,0.028846153846153848,0.7362637362637363,24.0,67.0,101.0,3.0,0.4666666666666667,0.0,0.0,0.0,0.0,0.0,0.5,0.7212245419218296,0.0,1.0,0.0,1.0,0.0,91.0,104.0,0.0
lucene-2.2.csv,247,1896,0.4089068825910931,0.5069444444444444,0.7087378640776699,0.5910931174089069,0.5910931174089069,0.21568230852211434,0.6649137001078749,0.2812337779805258,0.5069444444444444,0.7087378640776699,0.2912621359223301,0.4930555555555556,73.0,71.0,73.0,30.0,0.5060728744939271,0.20833333333333334,0.7317073170731707,0.3243243243243243,0.3378626514873302,0.13455491769313827,0.6127292340884574,0.36788798264058153,0.20833333333333334,0.8932038834951457,0.10679611650485436,0.7916666666666666,30.0,114.0,92.0,11.0,0.48582995951417,0.24305555555555555,0.7608695652173914,0.3684210526315789,0.38212781107221266,0.1725796208643663,0.5576793419633226,0.422647512230419,0.24305555555555555,0.8932038834951457,0.10679611650485436,0.7569444444444444,35.0,109.0,92.0,11.0,0.3684210526315789,0.6388888888888888,0.7022900763358778,0.6690909090909092,0.630002139952921,0.2571122706763613,0.6352818230852212,0.5044143556023966,0.6388888888888888,0.6213592233009708,0.3786407766990291,0.3611111111111111,92.0,52.0,64.0,39.0,0.5182186234817814,0.125,0.9,0.21951219512195125,0.2217343578485181,0.19083761174098238,0.6681499460625674,0.3169838317262059,0.125,0.9805825242718447,0.019417475728155338,0.875,18.0,126.0,101.0,2.0,0.582995951417004,0.0,0.0,0.0,0.0,0.0,0.5,0.7842067224922596,0.0,1.0,0.0,1.0,0.0,144.0,103.0,0.0
lucene-2.4.csv,340,2480,0.37058823529411766,0.5073891625615764,0.7984496124031008,0.6204819277108434,0.6240039297019976,0.3210434731626688,0.7157239941030528,0.2766409821048724,0.5073891625615764,0.8102189781021898,0.1897810218978102,0.49261083743842365,103.0,100.0,111.0,26.0,0.5352941176470588,0.17733990147783252,0.7058823529411765,0.28346456692913385,0.29577749343390125,0.09320293489611059,0.6137499550537557,0.3129058445640128,0.17733990147783252,0.8905109489051095,0.10948905109489052,0.8226600985221675,36.0,167.0,122.0,15.0,0.4676470588235294,0.29064039408866993,0.7972972972972973,0.42599277978339345,0.43824773965721936,0.21532436862314433,0.5459170831685305,0.4284964778174259,0.29064039408866993,0.8905109489051095,0.10948905109489052,0.7093596059113301,59.0,144.0,122.0,15.0,0.49117647058823527,0.26108374384236455,0.7571428571428571,0.3882783882783883,0.402264318016508,0.16618268481035045,0.648520369637913,0.301533300859462,0.26108374384236455,0.8759124087591241,0.12408759124087591,0.7389162561576355,53.0,150.0,120.0,17.0,0.55,0.13793103448275862,0.7,0.23045267489711935,0.23963575365444523,0.07663534380948991,0.6399985617201827,0.3862147220809276,0.13793103448275862,0.9124087591240876,0.08759124087591241,0.8620689655172413,28.0,175.0,125.0,12.0,0.5970588235294118,0.0,0.0,0.0,0.0,0.0,0.5,0.7926081985971795,0.0,1.0,0.0,1.0,0.0,203.0,137.0,0.0
nieruchomosci.csv,27,240,0.37037037037037035,0.8,0.5,0.6153846153846154,0.6371681415929203,0.3237481030440162,0.8058823529411765,0.5575936053849387,0.8,0.5294117647058824,0.47058823529411764,0.2,8.0,2.0,9.0,8.0,0.25925925925925924,0.4,0.8,0.5333333333333333,0.5614035087719298,0.42413800599373574,0.8588235294117647,0.5493268826251576,0.4,0.9411764705882353,0.058823529411764705,0.6,4.0,6.0,16.0,1.0,0.25925925925925924,0.3,1.0,0.4615384615384615,0.4615384615384615,0.4609772228646444,0.5441176470588235,0.5394615061001261,0.3,1.0,0.0,0.7,3.0,7.0,17.0,0.0,0.2962962962962963,0.3,0.75,0.4285714285714285,0.4549763033175355,0.32784267326619065,0.8235294117647058,0.5584350021034915,0.3,0.9411764705882353,0.058823529411764705,0.7,3.0,7.0,16.0,1.0,0.2222222222222222,0.4,1.0,0.5714285714285715,0.5714285714285715,0.5437390678561211,0.8470588235294118,0.5632309633992425,0.4,1.0,0.0,0.6,4.0,6.0,17.0,0.0,0.37037037037037035,0.0,0.0,0.0,0.0,0.0,0.5,0.541691207404291,0.0,1.0,0.0,1.0,0.0,10.0,17.0,0.0
pbeans1.csv,26,249,0.6153846153846154,0.2,1.0,0.33333333333333337,0.33333333333333337,0.23354968324845687,0.8,0.17101579325197422,0.2,1.0,0.0,0.8,4.0,16.0,6.0,0.0,0.6538461538461539,0.15,1.0,0.2608695652173913,0.2608695652173913,0.19781414201873612,0.7,0.2652099784637473,0.15,1.0,0.0,0.85,3.0,17.0,6.0,0.0,0.7307692307692307,0.05,1.0,0.09523809523809523,0.09523809523809523,0.10954451150103321,0.475,0.8384781048097633,0.05,1.0,0.0,0.95,1.0,19.0,6.0,0.0,0.6538461538461539,0.15,1.0,0.2608695652173913,0.2608695652173913,0.19781414201873612,0.7083333333333334,0.18804737975592248,0.15,1.0,0.0,0.85,3.0,17.0,6.0,0.0,0.6923076923076923,0.1,1.0,0.18181818181818182,0.18181818181818182,0.15811388300841897,0.7416666666666667,0.18015075376884424,0.1,1.0,0.0,0.9,2.0,18.0,6.0,0.0,0.7692307692307693,0.0,0.0,0.0,0.0,0.0,0.5,0.8944723618090454,0.0,1.0,0.0,1.0,0.0,20.0,6.0,0.0
pbeans2.csv,51,456,0.23529411764705882,0.6,0.42857142857142855,0.5,0.6875,0.36020627964390817,0.7951219512195122,0.3061090909090908,0.6,0.8048780487804879,0.1951219512195122,0.4,6.0,4.0,33.0,8.0,0.17647058823529413,0.3,0.6,0.4,0.45614035087719296,0.3354141486483056,0.8621951219512195,0.4309157024793387,0.3,0.9512195121951219,0.04878048780487805,0.7,3.0,7.0,39.0,2.0,0.17647058823529413,0.4,0.5714285714285714,0.47058823529411764,0.5588235294117647,0.37708348463845026,0.6365853658536585,0.3903206611570247,0.4,0.926829268292683,0.07317073170731707,0.6,4.0,6.0,38.0,3.0,0.21568627450980393,0.2,0.4,0.26666666666666666,0.329004329004329,0.1693352983467174,0.7121951219512195,0.3336661157024793,0.2,0.926829268292683,0.07317073170731707,0.8,2.0,8.0,38.0,3.0,0.1568627450980392,0.3,0.75,0.4285714285714285,0.4588910133843212,0.40701235303946914,0.7731707317073171,0.3316694214876032,0.3,0.975609756097561,0.024390243902439025,0.7,3.0,7.0,40.0,1.0,0.19607843137254902,0.0,0.0,0.0,0.0,0.0,0.5,0.7786578512396694,0.0,1.0,0.0,1.0,0.0,10.0,41.0,0.0
pdftranslator.csv,33,313,0.18181818181818182,0.6666666666666666,0.9090909090909091,0.7692307692307692,0.7816091954022987,0.6454972243679028,0.9148148148148149,0.420713305898491,0.6666666666666666,0.9444444444444444,0.05555555555555555,0.3333333333333333,10.0,5.0,17.0,1.0,0.3939393939393939,0.2,0.75,0.31578947368421056,0.3300970873786408,0.22037063867676335,0.837037037037037,0.4287960324997362,0.2,0.9444444444444444,0.05555555555555555,0.8,3.0,12.0,17.0,1.0,0.3333333333333333,0.26666666666666666,1.0,0.4210526315789474,0.4210526315789474,0.4068381021724862,0.6333333333333333,0.4219900812493404,0.26666666666666666,1.0,0.0,0.7333333333333333,4.0,11.0,18.0,0.0,0.36363636363636365,0.26666666666666666,0.8,0.4,0.41590214067278286,0.2931763649279746,0.8111111111111111,0.41483591853962215,0.26666666666666666,0.9444444444444444,0.05555555555555555,0.7333333333333333,4.0,11.0,17.0,1.0,0.3939393939393939,0.13333333333333333,1.0,0.23529411764705882,0.23529411764705882,0.27824333745610097,0.8444444444444444,0.5211670359818507,0.13333333333333333,1.0,0.0,0.8666666666666667,2.0,13.0,18.0,0.0,0.45454545454545453,0.0,0.0,0.0,0.0,0.0,0.5,0.7411733670992928,0.0,1.0,0.0,1.0,0.0,15.0,18.0,0.0
poi-1.5.csv,237,1363,0.3206751054852321,0.6879432624113475,0.751937984496124,0.7185185185185186,0.6771378708551484,0.34953392325586524,0.716940011820331,0.31510497037368057,0.6879432624113475,0.6666666666666666,0.3333333333333333,0.3120567375886525,97.0,44.0,64.0,32.0,0.4345991561181435,0.3546099290780142,0.8064516129032258,0.4926108374384236,0.5046863734679163,0.256460785546236,0.6742390661938534,0.35555051419335415,0.3546099290780142,0.875,0.125,0.6453900709219859,50.0,91.0,84.0,12.0,0.4388185654008439,0.3546099290780142,0.7936507936507936,0.4901960784313726,0.5029388596012847,0.24357206304772358,0.5651965130023641,0.40935720328768505,0.3546099290780142,0.8645833333333334,0.13541666666666666,0.6453900709219859,50.0,91.0,83.0,13.0,0.5443037974683544,0.14184397163120568,0.7142857142857143,0.2366863905325444,0.2456728084868788,0.0889872631488325,0.6995789007092199,0.31530086696075504,0.14184397163120568,0.9166666666666666,0.08333333333333333,0.8581560283687943,20.0,121.0,88.0,8.0,0.5485232067510548,0.11347517730496454,0.7619047619047619,0.19753086419753088,0.20268671260527596,0.10605211351273058,0.6719488770685579,0.2953654782870836,0.11347517730496454,0.9479166666666666,0.052083333333333336,0.8865248226950354,16.0,125.0,91.0,5.0,0.5949367088607594,0.0,0.0,0.0,0.0,0.0,0.5,0.7170504755514413,0.0,1.0,0.0,1.0,0.0,141.0,96.0,0.0
poi-2.0.csv,314,1666,0.42356687898089174,0.6486486486486487,0.16666666666666666,0.26519337016574585,0.6049610660672715,0.13939673951726686,0.6688945262952484,0.396577116125044,0.6486486486486487,0.5667870036101083,0.4332129963898917,0.35135135135135137,24.0,13.0,157.0,120.0,0.2643312101910828,0.35135135135135137,0.18055555555555555,0.23853211009174313,0.4858146910088283,0.10611127992633508,0.6896770416626012,0.4529979314407943,0.35135135135135137,0.7870036101083032,0.21299638989169675,0.6486486486486487,13.0,24.0,218.0,59.0,0.3248407643312102,0.43243243243243246,0.16494845360824742,0.23880597014925375,0.5368024649092777,0.09770019273194633,0.5847887598790126,0.46451003922749373,0.43243243243243246,0.7075812274368231,0.2924187725631769,0.5675675675675675,16.0,21.0,196.0,81.0,0.5477707006369427,0.7297297297297297,0.14285714285714285,0.2389380530973451,0.5292312936764957,0.09543326855189399,0.5939603863791589,0.454845739902249,0.7297297297297297,0.4151624548736462,0.5848375451263538,0.2702702702702703,27.0,10.0,115.0,162.0,0.21656050955414013,0.3783783783783784,0.23728813559322035,0.2916666666666667,0.5212646445193388,0.1782151298309173,0.6485998634013075,0.37279985333564214,0.3783783783783784,0.8375451263537906,0.1624548736462094,0.6216216216216216,14.0,23.0,232.0,45.0,0.1178343949044586,0.0,0.0,0.0,0.0,0.0,0.5,0.665289657755124,0.0,1.0,0.0,1.0,0.0,37.0,277.0,0.0
poi-2.5.csv,385,2095,0.3246753246753247,0.6693548387096774,0.7942583732057417,0.7264770240700219,0.677639293003865,0.3416484260648368,0.7415234283023311,0.32709247288478044,0.6693548387096774,0.6861313868613139,0.31386861313868614,0.33064516129032256,166.0,82.0,94.0,43.0,0.5402597402597402,0.2540322580645161,0.7325581395348837,0.3772455089820359,0.38923664742703845,0.09902657959477378,0.6395396750647516,0.33552424372807693,0.2540322580645161,0.8321167883211679,0.1678832116788321,0.7459677419354839,63.0,185.0,114.0,23.0,0.44935064935064933,0.3951612903225806,0.8099173553719008,0.5311653116531165,0.5358530385150366,0.23439536777094463,0.487623616670591,0.3631811674072604,0.3951612903225806,0.8321167883211679,0.1678832116788321,0.6048387096774194,98.0,150.0,114.0,23.0,0.4909090909090909,0.29838709677419356,0.8314606741573034,0.4391691394658754,0.4469970787740754,0.2145224409324017,0.7648634330115376,0.28130828758337534,0.29838709677419356,0.8905109489051095,0.10948905109489052,0.7016129032258065,74.0,174.0,122.0,15.0,0.5532467532467532,0.17338709677419356,0.8431372549019608,0.2876254180602007,0.29284903518728717,0.16240483918001758,0.6658817989168825,0.3007939033225285,0.17338709677419356,0.9416058394160584,0.058394160583941604,0.8266129032258065,43.0,205.0,129.0,8.0,0.6441558441558441,0.0,0.0,0.0,0.0,0.0,0.5,0.7727163121847598,0.0,1.0,0.0,1.0,0.0,248.0,137.0,0.0
poi-3.0.csv,442,2414,0.26244343891402716,0.6868327402135231,0.8733031674208145,0.7689243027888445,0.7500511352014728,0.4936546146238056,0.8302535310890564,0.34665981047738237,0.6868327402135231,0.8260869565217391,0.17391304347826086,0.31316725978647686,193.0,88.0,133.0,28.0,0.4479638009049774,0.35231316725978645,0.8608695652173913,0.5,0.5064921318185026,0.2774284551068293,0.7318914259189673,0.37041743092291524,0.35231316725978645,0.9006211180124224,0.09937888198757763,0.6476868327402135,99.0,182.0,145.0,16.0,0.332579185520362,0.5587188612099644,0.8722222222222222,0.6811279826464207,0.6764811490125673,0.4073128799969474,0.7263654649543556,0.5419840743017624,0.5587188612099644,0.8571428571428571,0.14285714285714285,0.4412811387900356,157.0,124.0,138.0,23.0,0.19909502262443438,0.8291814946619217,0.8534798534798534,0.8411552346570397,0.7884610006432307,0.5750675899533855,0.8158528768152782,0.6373631991976406,0.8291814946619217,0.7515527950310559,0.2484472049689441,0.1708185053380783,233.0,48.0,121.0,40.0,0.5950226244343891,0.505338078291815,0.5338345864661654,0.5191956124314442,0.3159445563606843,-0.26035508545269664,0.3641387237240556,0.7441347262657608,0.505338078291815,0.22981366459627328,0.7701863354037267,0.49466192170818507,142.0,139.0,37.0,124.0,0.6357466063348416,0.0,0.0,0.0,0.0,0.0,0.5,0.7609214931930511,0.0,1.0,0.0,1.0,0.0,281.0,161.0,0.0
redaktor.csv,176,657,0.6022727272727273,0.8148148148148148,0.17886178861788618,0.29333333333333333,0.4617402710975076,0.10759351406428208,0.5367884663186676,0.30233418303593734,0.8148148148148148,0.3221476510067114,0.6778523489932886,0.18518518518518517,22.0,5.0,48.0,101.0,0.5,0.25925925925925924,0.09333333333333334,0.13725490196078433,0.3510835913312693,-0.14365040423569203,0.41933880188913747,0.24034462937971693,0.25925925925925924,0.5436241610738255,0.4563758389261745,0.7407407407407407,7.0,20.0,81.0,68.0,0.5511363636363636,0.2962962962962963,0.09302325581395349,0.1415929203539823,0.3653908009006111,-0.16379502215277744,0.46520009942828733,0.338436547208477,0.2962962962962963,0.47651006711409394,0.5234899328859061,0.7037037037037037,8.0,19.0,71.0,78.0,0.3977272727272727,0.7407407407407407,0.24096385542168675,0.36363636363636365,0.6488117691437193,0.22951707878857108,0.7450907283122048,0.556962563102913,0.7407407407407407,0.5771812080536913,0.4228187919463087,0.25925925925925924,20.0,7.0,86.0,63.0,0.2840909090909091,0.25925925925925924,0.1891891891891892,0.21875,0.3914473684210526,0.0512239001885445,0.5882426050211285,0.337175738491528,0.25925925925925924,0.7986577181208053,0.20134228187919462,0.7407407407407407,7.0,20.0,119.0,30.0,0.1534090909090909,0.0,0.0,0.0,0.0,0.0,0.5,0.7408950617283948,0.0,1.0,0.0,1.0,0.0,27.0,149.0,0.0
serapion.csv,45,361,0.24444444444444444,0.4444444444444444,0.4,0.4210526315789474,0.5797101449275363,0.2672612419124244,0.7067901234567902,0.40434713628430907,0.4444444444444444,0.8333333333333334,0.16666666666666666,0.5555555555555556,4.0,5.0,30.0,6.0,0.3111111111111111,0.1111111111111111,0.14285714285714285,0.125,0.19607843137254902,-0.06131393394849658,0.558641975308642,0.38061240679041725,0.1111111111111111,0.8333333333333334,0.16666666666666666,0.8888888888888888,1.0,8.0,30.0,6.0,0.35555555555555557,0.2222222222222222,0.18181818181818182,0.19999999999999998,0.34285714285714286,-0.02585438449975096,0.5030864197530864,0.467132053519488,0.2222222222222222,0.75,0.25,0.7777777777777778,2.0,7.0,27.0,9.0,0.26666666666666666,0.1111111111111111,0.2,0.14285714285714285,0.19753086419753085,0.0,0.5339506172839507,0.379480670580147,0.1111111111111111,0.8888888888888888,0.1111111111111111,0.8888888888888888,1.0,8.0,32.0,4.0,0.15555555555555556,0.2222222222222222,1.0,0.3636363636363636,0.3636363636363636,0.4313310928137537,0.7067901234567902,0.45831085726373705,0.2222222222222222,1.0,0.0,0.7777777777777778,2.0,7.0,36.0,0.0,0.2,0.0,0.0,0.0,0.0,0.0,0.5,0.610767359458459,0.0,1.0,0.0,1.0,0.0,9.0,36.0,0.0
skarbonka.csv,45,388,0.28888888888888886,0.8888888888888888,0.4,0.5517241379310346,0.761904761904762,0.4472135954999579,0.8302469135802469,0.44000118289824863,0.8888888888888888,0.6666666666666666,0.3333333333333333,0.1111111111111111,8.0,1.0,24.0,12.0,0.28888888888888886,0.4444444444444444,0.3333333333333333,0.380952380952381,0.5656565656565655,0.20100756305184242,0.7376543209876543,0.4345524578407672,0.4444444444444444,0.7777777777777778,0.2222222222222222,0.5555555555555556,4.0,5.0,28.0,8.0,0.3333333333333333,0.5555555555555556,0.3125,0.39999999999999997,0.6172839506172839,0.20890725544918334,0.654320987654321,0.5572190062176087,0.5555555555555556,0.6944444444444444,0.3055555555555556,0.4444444444444444,5.0,4.0,25.0,11.0,0.24444444444444444,0.1111111111111111,0.25,0.15384615384615383,0.1981981981981982,0.03904344047215152,0.7098765432098766,0.3968549692816112,0.1111111111111111,0.9166666666666666,0.08333333333333333,0.8888888888888888,1.0,8.0,33.0,3.0,0.2,0.0,0.0,0.0,0.0,0.0,0.7870370370370371,0.4553492876734609,0.0,1.0,0.0,1.0,0.0,9.0,36.0,0.0,0.2,0.0,0.0,0.0,0.0,0.0,0.5,0.7290793355069091,0.0,1.0,0.0,1.0,0.0,9.0,36.0,0.0
sklebagd.csv,20,192,0.25,0.75,0.8181818181818182,0.7826086956521738,0.75,0.4923659639173309,0.8333333333333334,0.4128480177740748,0.75,0.75,0.25,0.25,9.0,3.0,6.0,2.0,0.3,0.6666666666666666,0.8,0.7272727272727272,0.7058823529411765,0.408248290463863,0.7916666666666666,0.5283100742900784,0.6666666666666666,0.75,0.25,0.3333333333333333,8.0,4.0,6.0,2.0,0.6,0.08333333333333333,0.5,0.14285714285714285,0.15217391304347824,-0.06804138174397717,0.6770833333333334,0.668697493577727,0.08333333333333333,0.875,0.125,0.9166666666666666,1.0,11.0,7.0,1.0,0.3,0.6666666666666666,0.8,0.7272727272727272,0.7058823529411765,0.408248290463863,0.75,0.4800822745261404,0.6666666666666666,0.75,0.25,0.3333333333333333,8.0,4.0,6.0,2.0,0.5,0.3333333333333333,0.6666666666666666,0.4444444444444444,0.46153846153846156,0.0890870806374748,0.7395833333333334,0.6158352426577796,0.3333333333333333,0.75,0.25,0.6666666666666666,4.0,8.0,6.0,2.0,0.6,0.0,0.0,0.0,0.0,0.0,0.5,0.6771158786363952,0.0,1.0,0.0,1.0,0.0,12.0,8.0,0.0
synapse-1.0.csv,157,1026,0.4394904458598726,0.8125,0.16455696202531644,0.27368421052631575,0.6429277942631058,0.20839659760253246,0.6861702127659575,0.5162119002985489,0.8125,0.5319148936170213,0.46808510638297873,0.1875,13.0,3.0,75.0,66.0,0.2229299363057325,0.375,0.1935483870967742,0.25531914893617014,0.5151739452257588,0.15024471062593478,0.6717641843971631,0.5238622162049574,0.375,0.8226950354609929,0.1773049645390071,0.625,6.0,10.0,116.0,25.0,0.20382165605095542,0.375,0.21428571428571427,0.2727272727272727,0.5192727272727272,0.1730547524528362,0.6788563829787234,0.5997730507533151,0.375,0.8439716312056738,0.15602836879432624,0.625,6.0,10.0,119.0,22.0,0.5987261146496815,0.875,0.1320754716981132,0.22950819672131148,0.4974619289340101,0.1437461258846579,0.6360815602836879,0.4125355828646808,0.875,0.3475177304964539,0.6524822695035462,0.125,14.0,2.0,49.0,92.0,0.14012738853503184,0.5,0.36363636363636365,0.4210526315789474,0.6430379746835443,0.34923732910104843,0.7770390070921985,0.5674837707422068,0.5,0.900709219858156,0.09929078014184398,0.5,8.0,8.0,127.0,14.0,0.10191082802547771,0.0,0.0,0.0,0.0,0.0,0.5,0.42520438450322845,0.0,1.0,0.0,1.0,0.0,16.0,141.0,0.0
synapse-1.1.csv,222,1369,0.33783783783783783,0.65,0.41935483870967744,0.5098039215686274,0.6582278481012658,0.2850356316810794,0.6734053497942387,0.39962610120876907,0.65,0.6666666666666666,0.3333333333333333,0.35,39.0,21.0,108.0,54.0,0.32432432432432434,0.15,0.3,0.2,0.25589836660617055,0.026461887337857846,0.5497427983539095,0.3810568452240244,0.15,0.8703703703703703,0.12962962962962962,0.85,9.0,51.0,141.0,21.0,0.32882882882882886,0.5,0.410958904109589,0.45112781954887216,0.595,0.22174158640287323,0.5659465020576132,0.457647392558272,0.5,0.7345679012345679,0.2654320987654321,0.5,30.0,30.0,119.0,43.0,0.25675675675675674,0.16666666666666666,0.5882352941176471,0.2597402597402597,0.2838827838827839,0.20618008881523664,0.6686728395061728,0.4194482530376814,0.16666666666666666,0.9567901234567902,0.043209876543209874,0.8333333333333334,10.0,50.0,155.0,7.0,0.26126126126126126,0.13333333333333333,0.5714285714285714,0.21621621621621623,0.23423423423423426,0.17593288763724918,0.675977366255144,0.39843782011882817,0.13333333333333333,0.9629629629629629,0.037037037037037035,0.8666666666666667,8.0,52.0,156.0,6.0,0.2702702702702703,0.0,0.0,0.0,0.0,0.0,0.5,0.6384635084235581,0.0,1.0,0.0,1.0,0.0,60.0,162.0,0.0
synapse-1.2.csv,256,1604,0.2890625,0.7209302325581395,0.5535714285714286,0.6262626262626263,0.713326941514861,0.40636907088331503,0.7655266757865937,0.43373114540317365,0.7209302325581395,0.7058823529411765,0.29411764705882354,0.27906976744186046,62.0,24.0,120.0,50.0,0.30859375,0.3023255813953488,0.5777777777777777,0.3969465648854962,0.4511088130529702,0.2364612283211067,0.671374829001368,0.45306933275374944,0.3023255813953488,0.888235294117647,0.11176470588235295,0.6976744186046512,26.0,60.0,151.0,19.0,0.3046875,0.22093023255813954,0.6333333333333333,0.3275862068965517,0.35743019403691434,0.22940747579608586,0.5856019151846785,0.48841338839382825,0.22093023255813954,0.9352941176470588,0.06470588235294118,0.7790697674418605,19.0,67.0,159.0,11.0,0.27734375,0.2441860465116279,0.7777777777777778,0.37168141592920356,0.38972501980310054,0.32121493012671165,0.7565663474692202,0.43253357965659683,0.2441860465116279,0.9647058823529412,0.03529411764705882,0.7558139534883721,21.0,65.0,164.0,6.0,0.2734375,0.2558139534883721,0.7857142857142857,0.38596491228070184,0.4043936337144138,0.3337143696431536,0.7640902872777018,0.42289850032601645,0.2558139534883721,0.9647058823529412,0.03529411764705882,0.7441860465116279,22.0,64.0,164.0,6.0,0.3359375,0.0,0.0,0.0,0.0,0.0,0.5,0.6254142577700507,0.0,1.0,0.0,1.0,0.0,86.0,170.0,0.0
systemdata.csv,65,480,0.3230769230769231,0.6666666666666666,0.25,0.36363636363636365,0.6725663716814159,0.2470793390142364,0.7896825396825397,0.4585842885823456,0.6666666666666666,0.6785714285714286,0.32142857142857145,0.3333333333333333,6.0,3.0,38.0,18.0,0.18461538461538463,0.3333333333333333,0.3333333333333333,0.3333333333333333,0.48543689320388345,0.2261904761904762,0.8273809523809523,0.492721398297462,0.3333333333333333,0.8928571428571429,0.10714285714285714,0.6666666666666666,3.0,6.0,50.0,6.0,0.18461538461538463,0.5555555555555556,0.38461538461538464,0.4545454545454546,0.6741573033707865,0.3563483225498992,0.7599206349206349,0.5640754412854666,0.5555555555555556,0.8571428571428571,0.14285714285714285,0.4444444444444444,5.0,4.0,48.0,8.0,0.3384615384615385,0.8888888888888888,0.27586206896551724,0.42105263157894735,0.7339449541284404,0.3570542826367652,0.753968253968254,0.6572257122091982,0.8888888888888888,0.625,0.375,0.1111111111111111,8.0,1.0,35.0,21.0,0.15384615384615385,0.3333333333333333,0.42857142857142855,0.375,0.4905660377358491,0.2918069599925101,0.8214285714285714,0.4505537206139498,0.3333333333333333,0.9285714285714286,0.07142857142857142,0.6666666666666666,3.0,6.0,52.0,4.0,0.13846153846153847,0.0,0.0,0.0,0.0,0.0,0.5,0.6742726795184538,0.0,1.0,0.0,1.0,0.0,9.0,56.0,0.0
szybkafucha.csv,25,203,0.52,0.2857142857142857,0.5714285714285714,0.38095238095238093,0.4102564102564102,0.014357683075131602,0.4935064935064935,0.5456619296933432,0.2857142857142857,0.7272727272727273,0.2727272727272727,0.7142857142857143,4.0,10.0,8.0,3.0,0.52,0.07142857142857142,1.0,0.13333333333333333,0.13333333333333333,0.18093671611393647,0.5714285714285714,0.582685115931189,0.07142857142857142,1.0,0.0,0.9285714285714286,1.0,13.0,11.0,0.0,0.56,0.14285714285714285,0.5,0.22222222222222224,0.24324324324324323,-0.05275349613399974,0.5616883116883117,0.6326103216155571,0.14285714285714285,0.8181818181818182,0.18181818181818182,0.8571428571428571,2.0,12.0,9.0,2.0,0.48,0.21428571428571427,0.75,0.3333333333333333,0.3468208092485549,0.16705273775766585,0.34415584415584416,0.5121166791323858,0.21428571428571427,0.9090909090909091,0.09090909090909091,0.7857142857142857,3.0,11.0,10.0,1.0,0.56,0.0,0.0,0.0,0.0,0.0,0.6168831168831169,0.5795063575168287,0.0,1.0,0.0,1.0,0.0,14.0,11.0,0.0,0.56,0.0,0.0,0.0,0.0,0.0,0.5,0.706768885564697,0.0,1.0,0.0,1.0,0.0,14.0,11.0,0.0
termoproject.csv,42,330,0.30952380952380953,0.6153846153846154,0.5,0.5517241379310345,0.6653465346534654,0.32321583473162474,0.8328912466843501,0.39214990616859774,0.6153846153846154,0.7241379310344828,0.27586206896551724,0.38461538461538464,8.0,5.0,21.0,8.0,0.2857142857142857,0.46153846153846156,0.5454545454545454,0.4999999999999999,0.5925925925925927,0.30400353476209585,0.8249336870026526,0.42281083402578723,0.46153846153846156,0.8275862068965517,0.1724137931034483,0.5384615384615384,6.0,7.0,24.0,5.0,0.21428571428571427,0.8461538461538461,0.6111111111111112,0.7096774193548387,0.8,0.56496598177755,0.7599469496021221,0.5775159420019232,0.8461538461538461,0.7586206896551724,0.2413793103448276,0.15384615384615385,11.0,2.0,22.0,7.0,0.2857142857142857,0.3076923076923077,0.5714285714285714,0.4,0.4581497797356828,0.2533593918376833,0.8541114058355438,0.46986658201611464,0.3076923076923077,0.896551724137931,0.10344827586206896,0.6923076923076923,4.0,9.0,26.0,3.0,0.2857142857142857,0.23076923076923078,0.6,0.33333333333333337,0.36986301369863017,0.23097942490794515,0.8196286472148541,0.43574182826519275,0.23076923076923078,0.9310344827586207,0.06896551724137931,0.7692307692307693,3.0,10.0,27.0,2.0,0.30952380952380953,0.0,0.0,0.0,0.0,0.0,0.5,0.6799742313761004,0.0,1.0,0.0,1.0,0.0,13.0,29.0,0.0
tomcat.csv,858,3133,0.27972027972027974,0.7532467532467533,0.2078853046594982,0.3258426966292135,0.7346920310344047,0.2869343211785321,0.820027603638359,0.47994630936953875,0.7532467532467533,0.7170294494238156,0.28297055057618437,0.24675324675324675,58.0,19.0,560.0,221.0,0.16083916083916083,0.2857142857142857,0.20952380952380953,0.24175824175824173,0.4330024813895781,0.15649435460537725,0.7270565542012405,0.4842783084134172,0.2857142857142857,0.8937259923175416,0.10627400768245839,0.7142857142857143,22.0,55.0,698.0,83.0,0.19230769230769232,0.24675324675324675,0.15079365079365079,0.18719211822660098,0.3837751172512999,0.08862010146306618,0.6662786637178443,0.45780289806045316,0.24675324675324675,0.8629961587708067,0.13700384122919335,0.7532467532467533,19.0,58.0,674.0,107.0,0.6002331002331003,0.12987012987012986,0.021834061135371178,0.037383177570093455,0.19909718693013662,-0.2542435052407881,0.26911884530322433,0.5914927579587644,0.12987012987012986,0.4263764404609475,0.5736235595390525,0.8701298701298701,10.0,67.0,333.0,448.0,0.08974358974358974,0.0,0.0,0.0,0.0,0.0,0.7093137336415185,0.4565366519842124,0.0,1.0,0.0,1.0,0.0,77.0,781.0,0.0,0.08974358974358974,0.0,0.0,0.0,0.0,0.0,0.5,0.6028582192267781,0.0,1.0,0.0,1.0,0.0,77.0,781.0,0.0
velocity-1.4.csv,196,1494,0.5918367346938775,0.3401360544217687,0.7246376811594203,0.4629629629629629,0.4373177842565598,-0.04317287861148082,0.4512008885186728,0.15822348122046181,0.3401360544217687,0.6122448979591837,0.3877551020408163,0.6598639455782312,50.0,97.0,30.0,19.0,0.7244897959183674,0.10204081632653061,0.6,0.1744186046511628,0.1808905380333952,-0.13245323570650439,0.4557823129251701,0.408103411147686,0.10204081632653061,0.7959183673469388,0.20408163265306123,0.8979591836734694,15.0,132.0,39.0,10.0,0.7193877551020408,0.1292517006802721,0.59375,0.21229050279329612,0.21982966414912422,-0.15939417826583457,0.4255171456337637,0.5142754798823599,0.1292517006802721,0.7346938775510204,0.2653061224489796,0.8707482993197279,19.0,128.0,36.0,13.0,0.7397959183673469,0.04081632653061224,0.6,0.07643312101910828,0.07815892314372556,-0.08032193289024989,0.5351936693044564,0.27064366635792464,0.04081632653061224,0.9183673469387755,0.08163265306122448,0.9591836734693877,6.0,141.0,45.0,4.0,0.75,0.0,0.0,0.0,0.0,0.0,0.5793419408579759,0.3267208300758859,0.0,1.0,0.0,1.0,0.0,147.0,49.0,0.0,0.75,0.0,0.0,0.0,0.0,0.0,0.5,0.8817830382786426,0.0,1.0,0.0,1.0,0.0,147.0,49.0,0.0
velocity-1.5.csv,214,1590,0.45794392523364486,0.3873239436619718,0.8333333333333334,0.5288461538461539,0.5316114720329583,0.23995838641378822,0.7004107981220657,0.20045621388328821,0.3873239436619718,0.8472222222222222,0.1527777777777778,0.6126760563380281,55.0,87.0,61.0,11.0,0.6448598130841121,0.08450704225352113,0.6,0.14814814814814814,0.15434083601286172,-0.04318596424235993,0.5568270735524257,0.250467994925008,0.08450704225352113,0.8888888888888888,0.1111111111111111,0.9154929577464789,12.0,130.0,64.0,8.0,0.5514018691588785,0.21830985915492956,0.8157894736842105,0.34444444444444444,0.35159658000348976,0.14971388907826272,0.5359937402190923,0.47889192477837944,0.21830985915492956,0.9027777777777778,0.09722222222222222,0.7816901408450704,31.0,111.0,65.0,7.0,0.6355140186915887,0.056338028169014086,0.8,0.10526315789473684,0.10650437428680107,0.06393774972826473,0.6551251956181534,0.237340150876846,0.056338028169014086,0.9722222222222222,0.027777777777777776,0.9436619718309859,8.0,134.0,70.0,2.0,0.5981308411214953,0.1267605633802817,0.8181818181818182,0.21951219512195125,0.2235208181154127,0.11077939886195473,0.6476917057902973,0.20602921645338415,0.1267605633802817,0.9444444444444444,0.05555555555555555,0.8732394366197183,18.0,124.0,68.0,4.0,0.6635514018691588,0.0,0.0,0.0,0.0,0.0,0.5,0.8454946195492132,0.0,1.0,0.0,1.0,0.0,142.0,72.0,0.0
velocity-1.6.csv,229,1729,0.32751091703056767,0.48717948717948717,0.5205479452054794,0.5033112582781456,0.5962396861896389,0.25972773469633537,0.6889964340295466,0.24147030674603817,0.48717948717948717,0.7682119205298014,0.23178807947019867,0.5128205128205128,38.0,40.0,116.0,35.0,0.3406113537117904,0.16666666666666666,0.5,0.25,0.2819203268641471,0.12036375956907179,0.6197996264221429,0.2907078042049624,0.16666666666666666,0.9139072847682119,0.08609271523178808,0.8333333333333334,13.0,65.0,138.0,13.0,0.35807860262008734,0.23076923076923078,0.45,0.3050847457627119,0.36338028169014086,0.106186926042796,0.48497198166072336,0.28629038061262846,0.23076923076923078,0.8543046357615894,0.1456953642384106,0.7692307692307693,18.0,60.0,129.0,22.0,0.31877729257641924,0.10256410256410256,0.7272727272727273,0.1797752808988764,0.18569636135508155,0.1832730437274154,0.6927322125997623,0.2648754108446807,0.10256410256410256,0.9801324503311258,0.019867549668874173,0.8974358974358975,8.0,70.0,148.0,3.0,0.31004366812227074,0.08974358974358974,1.0,0.1647058823529412,0.1647058823529412,0.24706641018521933,0.7097979283409747,0.24438197446511464,0.08974358974358974,1.0,0.0,0.9102564102564102,7.0,71.0,151.0,0.0,0.3406113537117904,0.0,0.0,0.0,0.0,0.0,0.5,0.8201903512890665,0.0,1.0,0.0,1.0,0.0,78.0,151.0,0.0
workflow.csv,39,255,0.358974358974359,0.4,0.8,0.5333333333333333,0.5528455284552846,0.33738613055211564,0.65,0.3181939393939395,0.4,0.8947368421052632,0.10526315789473684,0.6,8.0,12.0,17.0,2.0,0.41025641025641024,0.25,0.8333333333333334,0.3846153846153846,0.3956043956043956,0.2734241495373794,0.6342105263157894,0.3750787878787879,0.25,0.9473684210526315,0.05263157894736842,0.75,5.0,15.0,18.0,1.0,0.38461538461538464,0.25,1.0,0.4,0.4,0.373772500798201,0.6447368421052632,0.4777939393939395,0.25,1.0,0.0,0.75,5.0,15.0,19.0,0.0,0.46153846153846156,0.2,0.6666666666666666,0.30769230769230765,0.3269230769230769,0.13124359177794215,0.6947368421052632,0.3533939393939395,0.2,0.8947368421052632,0.10526315789473684,0.8,4.0,16.0,17.0,2.0,0.41025641025641024,0.2,1.0,0.33333333333333337,0.33333333333333337,0.3295017884191656,0.6894736842105263,0.3270060606060607,0.2,1.0,0.0,0.8,4.0,16.0,19.0,0.0,0.5128205128205128,0.0,0.0,0.0,0.0,0.0,0.5,0.7261212121212123,0.0,1.0,0.0,1.0,0.0,20.0,19.0,0.0
wspomaganiepi.csv,18,143,0.16666666666666666,0.8333333333333334,0.9090909090909091,0.8695652173913043,0.8333333333333334,0.6446583712203042,0.9027777777777778,0.5005716798592788,0.8333333333333334,0.8333333333333334,0.16666666666666666,0.16666666666666666,10.0,2.0,5.0,1.0,0.3888888888888889,0.5,0.8571428571428571,0.631578947368421,0.625,0.3223291856101521,0.7777777777777778,0.48343594253884503,0.5,0.8333333333333334,0.16666666666666666,0.5,6.0,6.0,5.0,1.0,0.4444444444444444,0.4166666666666667,0.8333333333333334,0.5555555555555556,0.5555555555555556,0.25,0.6388888888888888,0.491102316036353,0.4166666666666667,0.8333333333333334,0.16666666666666666,0.5833333333333334,5.0,7.0,5.0,1.0,0.3333333333333333,0.5,1.0,0.6666666666666666,0.6666666666666666,0.5,0.9722222222222222,0.549677513925535,0.5,1.0,0.0,0.5,6.0,6.0,6.0,0.0,0.5555555555555556,0.16666666666666666,1.0,0.2857142857142857,0.2857142857142857,0.25,0.9722222222222222,0.4587950747581354,0.16666666666666666,1.0,0.0,0.8333333333333334,2.0,10.0,6.0,0.0,0.6666666666666666,0.0,0.0,0.0,0.0,0.0,0.5,0.6623424215772501,0.0,1.0,0.0,1.0,0.0,12.0,6.0,0.0
xalan-2.4.csv,723,4240,0.36376210235131395,0.8,0.2674772036474164,0.4009111617312073,0.6901669758812615,0.2934380950102602,0.7678777991991695,0.4274623904670802,0.8,0.6068515497553018,0.3931484502446982,0.2,88.0,22.0,372.0,241.0,0.21161825726141079,0.44545454545454544,0.3475177304964539,0.3904382470119521,0.5845421136387053,0.2677480366292295,0.7289707845172771,0.4393702180318956,0.44545454545454544,0.8499184339314845,0.1500815660685155,0.5545454545454546,49.0,61.0,521.0,92.0,0.2710926694329184,0.42727272727272725,0.2611111111111111,0.3241379310344828,0.5528666478783497,0.1746803726888655,0.5879208067625686,0.511917399578669,0.42727272727272725,0.7830342577487766,0.2169657422512235,0.5727272727272728,47.0,63.0,480.0,133.0,0.42461964038727523,0.8818181818181818,0.24808184143222506,0.3872255489021956,0.654525071125636,0.2898822999044893,0.7046121904196945,0.6060108208183597,0.8818181818181818,0.5203915171288744,0.4796084828711256,0.11818181818181818,97.0,13.0,319.0,294.0,0.2793914246196404,0.4909090909090909,0.27,0.34838709677419355,0.5970735865138744,0.20292153499429902,0.6475604330416729,0.4861085442138176,0.4909090909090909,0.7618270799347472,0.23817292006525284,0.509090909090909,54.0,56.0,467.0,146.0,0.15214384508990317,0.0,0.0,0.0,0.0,0.0,0.5,0.6294292979553844,0.0,1.0,0.0,1.0,0.0,110.0,613.0,0.0
xalan-2.5.csv,803,4453,0.43586550435865506,0.49612403100775193,0.553314121037464,0.5231607629427794,0.5540941734529713,0.12460055224862653,0.6012255267342477,0.3990133650537429,0.49612403100775193,0.6274038461538461,0.37259615384615385,0.5038759689922481,192.0,195.0,261.0,155.0,0.43088418430884184,0.26098191214470284,0.6273291925465838,0.36861313868613144,0.3999822012592609,0.14570781191796855,0.6049431027628702,0.37103873324494646,0.26098191214470284,0.8557692307692307,0.14423076923076922,0.7390180878552972,101.0,286.0,356.0,60.0,0.40722291407222916,0.3333333333333333,0.6515151515151515,0.44102564102564096,0.4763212079615649,0.1941438179979524,0.5775970234545816,0.41789736670757194,0.3333333333333333,0.8341346153846154,0.1658653846153846,0.6666666666666666,129.0,258.0,347.0,69.0,0.42963885429638854,0.5038759689922481,0.5603448275862069,0.5306122448979591,0.5607951842800204,0.13722242414984695,0.5796188630490956,0.5375465605341618,0.5038759689922481,0.6322115384615384,0.36778846153846156,0.49612403100775193,195.0,192.0,263.0,153.0,0.43088418430884184,0.599483204134367,0.5484633569739953,0.5728395061728396,0.5686677161236906,0.14045856135533596,0.5720501639833036,0.5684649759172716,0.599483204134367,0.5408653846153846,0.45913461538461536,0.4005167958656331,232.0,155.0,225.0,191.0,0.48194271481942713,0.0,0.0,0.0,0.0,0.0,0.5,0.8034823372137923,0.0,1.0,0.0,1.0,0.0,387.0,416.0,0.0
xalan-2.6.csv,885,4346,0.4011299435028249,0.49391727493917276,0.58,0.533508541392904,0.575676765574389,0.18746607348734876,0.6266002443356227,0.47821805697938313,0.49391727493917276,0.689873417721519,0.310126582278481,0.5060827250608273,203.0,208.0,327.0,147.0,0.40225988700564974,0.25790754257907544,0.6751592356687898,0.3732394366197183,0.40016599954484,0.19624110012586307,0.6166651267362715,0.425852790409809,0.25790754257907544,0.8924050632911392,0.10759493670886076,0.7420924574209246,106.0,305.0,423.0,51.0,0.44745762711864406,0.24574209245742093,0.5401069518716578,0.3377926421404682,0.3780034918154546,0.07856392065524209,0.5873089203034689,0.4857461540584794,0.24574209245742093,0.8185654008438819,0.18143459915611815,0.754257907542579,101.0,310.0,388.0,86.0,0.38757062146892657,0.49878345498783455,0.5994152046783626,0.5444887118193892,0.5862684945921749,0.21483606942351832,0.5963123800137567,0.6032518206780316,0.49878345498783455,0.7109704641350211,0.2890295358649789,0.5012165450121655,205.0,206.0,337.0,137.0,0.4271186440677966,0.5669099756690997,0.5381062355658198,0.5521327014218008,0.5724302417330177,0.14463460082762553,0.6083469360518238,0.5230941512300615,0.5669099756690997,0.5780590717299579,0.4219409282700422,0.43309002433090027,233.0,178.0,274.0,200.0,0.46440677966101696,0.0,0.0,0.0,0.0,0.0,0.5,0.7395456364212173,0.0,1.0,0.0,1.0,0.0,411.0,474.0,0.0
xalan-2.7.csv,909,4383,0.5918591859185919,0.40089086859688194,1.0,0.5723370429252782,0.5723370429252782,0.08962377907210346,0.7749544442194777,0.4254731423947307,0.40089086859688194,1.0,0.0,0.5991091314031181,360.0,538.0,11.0,0.0,0.8063806380638063,0.18374164810690424,1.0,0.3104421448730009,0.3104421448730009,0.05212111269607881,0.7524296416278599,0.3543410147723046,0.18374164810690424,1.0,0.0,0.8162583518930958,165.0,733.0,11.0,0.0,0.7018701870187019,0.2906458797327394,0.9961832061068703,0.45,0.440469158720783,0.048215845667712656,0.6940676250253087,0.35747248373548207,0.2906458797327394,0.9090909090909091,0.09090909090909091,0.7093541202672605,261.0,637.0,10.0,1.0,0.6006600660066007,0.39198218262806234,1.0,0.5632,0.5632,0.0879836365652568,0.7655902004454342,0.5871124046392026,0.39198218262806234,1.0,0.0,0.6080178173719376,352.0,546.0,11.0,0.0,0.6270627062706271,0.36525612472160357,1.0,0.5350734094616639,0.5350734094616639,0.08315857331982084,0.7427616926503341,0.45186721764200366,0.36525612472160357,1.0,0.0,0.6347438752783965,328.0,570.0,11.0,0.0,0.9878987898789879,0.0,0.0,0.0,0.0,0.0,0.5,0.8386359673111796,0.0,1.0,0.0,1.0,0.0,898.0,11.0,0.0
xerces-1.2.csv,440,2032,0.30454545454545456,0.352112676056338,0.22123893805309736,0.2717391304347826,0.48156018645462023,0.09568048743820551,0.46990343142868046,0.18413139997633304,0.352112676056338,0.7615176151761518,0.23848238482384823,0.647887323943662,25.0,46.0,281.0,88.0,0.2727272727272727,0.2535211267605634,0.21176470588235294,0.23076923076923075,0.3871243412619285,0.06704175239263403,0.4722890186648345,0.17686539193213718,0.2535211267605634,0.8184281842818428,0.18157181571815717,0.7464788732394366,18.0,53.0,302.0,67.0,0.3159090909090909,0.29577464788732394,0.19090909090909092,0.23204419889502761,0.4256397263744616,0.04637034931419198,0.4861635940303065,0.32423808047273933,0.29577464788732394,0.7588075880758808,0.24119241192411925,0.704225352112676,21.0,50.0,280.0,89.0,0.36363636363636365,0.352112676056338,0.17985611510791366,0.23809523809523808,0.46652030735455546,0.03416092324445185,0.488339249589679,0.30060686118039437,0.352112676056338,0.6910569105691057,0.3089430894308943,0.647887323943662,25.0,46.0,255.0,114.0,0.20227272727272727,0.2535211267605634,0.3333333333333333,0.288,0.3958395245170877,0.17484993395826623,0.45406313218061756,0.1756946162892941,0.2535211267605634,0.9024390243902439,0.0975609756097561,0.7464788732394366,18.0,53.0,333.0,36.0,0.16363636363636364,0.056338028169014086,0.4444444444444444,0.1,0.10658857979502198,0.11119963592922838,0.5213939463338295,0.6623997062359587,0.056338028169014086,0.986449864498645,0.013550135501355014,0.9436619718309859,4.0,67.0,364.0,5.0
xerces-1.3.csv,453,2139,0.22737306843267108,0.6231884057971014,0.35833333333333334,0.45502645502645506,0.700411195118716,0.3441726433186584,0.7750415157004831,0.2841414087534169,0.6231884057971014,0.7994791666666666,0.20052083333333334,0.37681159420289856,43.0,26.0,307.0,77.0,0.2052980132450331,0.42028985507246375,0.35365853658536583,0.3841059602649007,0.5650625459896983,0.2634265200087507,0.7416968599033816,0.31022394186072205,0.42028985507246375,0.8619791666666666,0.13802083333333334,0.5797101449275363,29.0,40.0,331.0,53.0,0.23620309050772628,0.6086956521739131,0.3442622950819672,0.43979057591623044,0.6882276843467012,0.32430186130795674,0.7114092693236715,0.49601610816722713,0.6086956521739131,0.7916666666666666,0.20833333333333334,0.391304347826087,42.0,27.0,304.0,80.0,0.2737306843267108,0.4057971014492754,0.25225225225225223,0.3111111111111111,0.5347546080390851,0.1584423831734945,0.7007661533816425,0.22972968167461846,0.4057971014492754,0.7838541666666666,0.21614583333333334,0.5942028985507246,28.0,41.0,301.0,83.0,0.2251655629139073,0.36231884057971014,0.30120481927710846,0.32894736842105265,0.507883093413099,0.19624691047726822,0.7301668176328503,0.48565829296967583,0.36231884057971014,0.8489583333333334,0.15104166666666666,0.6376811594202898,25.0,44.0,326.0,58.0,0.141280353200883,0.10144927536231885,0.7777777777777778,0.1794871794871795,0.184121737932934,0.24782053094737186,0.5481204710144928,0.6241920872054465,0.10144927536231885,0.9947916666666666,0.005208333333333333,0.8985507246376812,7.0,62.0,382.0,2.0
xerces-1.4.csv,588,2966,0.46598639455782315,0.3890160183066362,0.96045197740113,0.5537459283387622,0.5526084110250796,0.32634956168685464,0.8041053540848955,0.17522428644089363,0.3890160183066362,0.9536423841059603,0.046357615894039736,0.6109839816933639,170.0,267.0,144.0,7.0,0.5731292517006803,0.2402745995423341,0.9545454545454546,0.3839122486288848,0.38490025986416765,0.23207535932593265,0.8164865806901359,0.21864445570401495,0.2402745995423341,0.9668874172185431,0.033112582781456956,0.7597254004576659,105.0,332.0,146.0,5.0,0.5833333333333334,0.23569794050343248,0.9196428571428571,0.3752276867030966,0.3769247619415774,0.19591353827813873,0.6745419552336066,0.30968518693211095,0.23569794050343248,0.9403973509933775,0.059602649006622516,0.7643020594965675,103.0,334.0,142.0,9.0,0.4387755102040816,0.41647597254004576,0.9837837837837838,0.5852090032154341,0.5845612969031446,0.3731236164007498,0.8033021655780684,0.3594642475661976,0.41647597254004576,0.9801324503311258,0.019867549668874173,0.5835240274599542,182.0,255.0,148.0,3.0,0.40816326530612246,0.4851258581235698,0.933920704845815,0.6385542168674699,0.6305935873321378,0.3461875943713915,0.7588919029505812,0.3972350567284627,0.4851258581235698,0.9006622516556292,0.09933774834437085,0.5148741418764302,212.0,225.0,136.0,15.0,0.7431972789115646,0.0,0.0,0.0,0.0,0.0,0.5,0.8717771720085313,0.0,1.0,0.0,1.0,0.0,437.0,151.0,0.0
xerces-init.csv,162,1098,0.4691358024691358,0.33766233766233766,0.5098039215686274,0.40625,0.4568081991215226,0.04682129885152761,0.46226126814362106,0.18160745315224017,0.33766233766233766,0.7058823529411765,0.29411764705882354,0.6623376623376623,26.0,51.0,60.0,25.0,0.4567901234567901,0.2727272727272727,0.5384615384615384,0.3620689655172414,0.4052419354838709,0.07120872520678165,0.44071810542398776,0.17212623792354378,0.2727272727272727,0.788235294117647,0.21176470588235294,0.7272727272727273,21.0,56.0,67.0,18.0,0.4691358024691358,0.2727272727272727,0.5121951219512195,0.3559322033898305,0.40206185567010305,0.042995860525223306,0.37463712757830403,0.3621153092371593,0.2727272727272727,0.7647058823529411,0.23529411764705882,0.7272727272727273,21.0,56.0,65.0,20.0,0.5432098765432098,0.37662337662337664,0.42028985507246375,0.3972602739726027,0.4401349072512648,-0.09489739058248695,0.42307104660045836,0.2945839297059562,0.37662337662337664,0.5294117647058824,0.47058823529411764,0.6233766233766234,29.0,48.0,45.0,40.0,0.3950617283950617,0.2727272727272727,0.7241379310344828,0.3962264150943396,0.4192377495462794,0.23266704081447162,0.4659281894576012,0.173644286003465,0.2727272727272727,0.9058823529411765,0.09411764705882353,0.7272727272727273,21.0,56.0,77.0,8.0,0.47530864197530864,0.0,0.0,0.0,0.0,0.0,0.5,0.8920009860727253,0.0,1.0,0.0,1.0,0.0,77.0,85.0,0.0
zuzel.csv,29,230,0.1724137931034483,0.7692307692307693,0.8333333333333334,0.8,0.8187134502923977,0.650516096306267,0.9014423076923077,0.4695502819072612,0.7692307692307693,0.875,0.125,0.23076923076923078,10.0,3.0,14.0,2.0,0.27586206896551724,0.46153846153846156,0.8571428571428571,0.6,0.6185567010309277,0.463752287127712,0.8221153846153846,0.5070810196668321,0.46153846153846156,0.9375,0.0625,0.5384615384615384,6.0,7.0,15.0,1.0,0.3448275862068966,0.46153846153846156,0.6666666666666666,0.5454545454545455,0.5886792452830188,0.2945824946493701,0.5865384615384616,0.563563819856726,0.46153846153846156,0.8125,0.1875,0.5384615384615384,6.0,7.0,13.0,3.0,0.4827586206896552,0.07692307692307693,0.3333333333333333,0.125,0.14141414141414144,-0.07850928662766596,0.7331730769230769,0.5528636123601799,0.07692307692307693,0.875,0.125,0.9230769230769231,1.0,12.0,14.0,2.0,0.1724137931034483,0.6153846153846154,1.0,0.761904761904762,0.761904761904762,0.6847367880174606,0.8966346153846154,0.4513609959834215,0.6153846153846154,1.0,0.0,0.38461538461538464,8.0,5.0,16.0,0.0,0.4482758620689655,0.0,0.0,0.0,0.0,0.0,0.5,0.6720327727192716,0.0,1.0,0.0,1.0,0.0,13.0,16.0,0.0
